<?xml version="1.0" encoding="UTF-8"?>
<feature
      id="org.eclipse.wst.common_core.feature"
      label="org.eclipse.wst.common_core.feature"
      version="1.0.0">

   <description url="http://www.example.com/description">
      [Enter Feature Description here.]
   </description>

   <copyright url="http://www.example.com/copyright">
      [Enter Copyright Description here.]
   </copyright>

   <license url="http://www.example.com/license">
      [Enter License Description here.]
   </license>

   <requires>
      <import feature="org.eclipse.jem" version="1.1.0"/>
      <import feature="org.eclipse.emf" version="2.1.0"/>
      <import feature="org.eclipse.gef" version="3.1.0"/>
      <import feature="org.eclipse.jdt" version="3.1.0"/>
   </requires>

   <plugin
         id="org.eclipse.wst.command.env"
         download-size="0"
         install-size="0"
         version="0.7.0"
         unpack="false"/>

   <plugin
         id="org.eclipse.wst.command.env.core"
         download-size="0"
         install-size="0"
         version="0.7.0"
         unpack="false"/>

   <plugin
         id="org.eclipse.wst.common.emf"
         download-size="0"
         install-size="0"
         version="0.7.0"/>

   <plugin
         id="org.eclipse.wst.common.environment"
         download-size="0"
         install-size="0"
         version="1.0.0"
         unpack="false"/>

   <plugin
         id="org.eclipse.wst.common.frameworks"
         download-size="0"
         install-size="0"
         version="0.7.0"/>

   <plugin
         id="org.eclipse.wst.common.modulecore"
         download-size="0"
         install-size="0"
         version="0.7.0"
         unpack="false"/>

   <plugin
         id="org.eclipse.wst.common.project.facet.core"
         download-size="0"
         install-size="0"
         version="1.0.0"
         unpack="false"/>

   <plugin
         id="org.eclipse.wst.common.uriresolver"
         download-size="0"
         install-size="0"
         version="0.7.0"
         unpack="false"/>

   <plugin
         id="org.eclipse.wst.internet.cache"
         download-size="0"
         install-size="0"
         version="0.7.0"
         unpack="false"/>

   <plugin
         id="org.eclipse.wst.validation"
         download-size="0"
         install-size="0"
         version="0.7.0"
         unpack="false"/>

</feature>
